{"cameraMode":{"drawMode":0,"name":"Shaded","section":"Shading Mode"},"sceneLighting":true,"audioPlay":false,"sceneViewState":{"m_AlwaysRefresh":false,"showFog":true,"showSkybox":true,"showFlares":true,"showImageEffects":true,"showParticleSystems":true,"showVisualEffectGraphs":true,"m_FxEnabled":true},"in2DMode":false,"pivot":{"x":0.5405101180076599,"y":1.734783411026001,"z":0.6273237466812134},"rotation":{"x":-0.29867658019065859,"y":-0.00515607837587595,"z":0.0016141536179929972,"w":-0.9543433785438538},"size":14.037729263305664,"orthographic":false}